{"playback_info": {"start_time": 1745817941.9952521, "end_time": null, "initial_buffering_duration": 0.14579248428344727, "interruptions": {"count": 1, "events": [[1745818526.0006187, 1745818534.5170293]], "total_duration": 8.51641058921814}, "up_shifts": 76, "down_shifts": 73}, "playback_type": "basic", "video_metadata": {"mpd_file": "BigBuckBunny_4s.mpd", "playback_duration": 596.46, "available_bitrates": [128503, 378355, 577751, 1473801, 3936261]}, "segment_info": [["BigBuckBunny_4s_init.mp4", 128503, 879, 0.11306390000027022], ["BigBuckBunny_4s1.m4s", 128503.0, 63926, 0.262382279999656], ["BigBuckBunny_4s2.m4s", 378355.0, 230697, 0.5253397019996555], ["BigBuckBunny_4s3.m4s", 577751.0, 350180, 0.8325842230005946], ["BigBuckBunny_4s4.m4s", 1473801.0, 985125, 1.8024050280000665], ["BigBuckBunny_4s5.m4s", 3936261.0, 1055687, 1.8977403310000227], ["BigBuckBunny_4s6.m4s", 1473801.0, 444154, 0.8707584920002773], ["BigBuckBunny_4s7.m4s", 3936261.0, 3980993, 6.8360327290001806], ["BigBuckBunny_4s8.m4s", 1473801.0, 990950, 1.8017511600000944], ["BigBuckBunny_4s9.m4s", 3936261.0, 3227810, 6.180257727000026], ["BigBuckBunny_4s10.m4s", 1473801.0, 980500, 1.8707238529996175], ["BigBuckBunny_4s11.m4s", 3936261.0, 1785968, 3.250332790000357], ["BigBuckBunny_4s12.m4s", 1473801.0, 956123, 1.8001904880002257], ["BigBuckBunny_4s13.m4s", 3936261.0, 3145332, 8.972829456999534], ["BigBuckBunny_4s14.m4s", 1473801.0, 1002595, 1.8370455640006185], ["BigBuckBunny_4s15.m4s", 3936261.0, 716130, 1.3799608749995969], ["BigBuckBunny_4s16.m4s", 1473801.0, 493682, 1.0383964080001533], ["BigBuckBunny_4s17.m4s", 3936261.0, 1713970, 18.494872452999516], ["BigBuckBunny_4s18.m4s", 1473801.0, 621546, 1.18737385500026], ["BigBuckBunny_4s19.m4s", 577751.0, 263858, 0.6299752639997678], ["BigBuckBunny_4s20.m4s", 1473801.0, 1022921, 1.9321011459996953], ["BigBuckBunny_4s21.m4s", 577751.0, 327789, 0.7437582869997641], ["BigBuckBunny_4s22.m4s", 1473801.0, 343865, 0.722765026000161], ["BigBuckBunny_4s23.m4s", 3936261.0, 1160655, 3.3298249170002236], ["BigBuckBunny_4s24.m4s", 1473801.0, 292979, 0.677367291000337], ["BigBuckBunny_4s25.m4s", 3936261.0, 870310, 1.6499458880007296], ["BigBuckBunny_4s26.m4s", 1473801.0, 557029, 1.113273615000253], ["BigBuckBunny_4s27.m4s", 3936261.0, 963281, 1.8367169390003255], ["BigBuckBunny_4s28.m4s", 1473801.0, 444405, 0.9080876640000497], ["BigBuckBunny_4s29.m4s", 3936261.0, 1630472, 2.9358549580001636], ["BigBuckBunny_4s30.m4s", 1473801.0, 953695, 1.7984361890003129], ["BigBuckBunny_4s31.m4s", 3936261.0, 1965084, 3.5731835130000036], ["BigBuckBunny_4s32.m4s", 1473801.0, 662567, 1.274813665999318], ["BigBuckBunny_4s33.m4s", 3936261.0, 1407506, 2.5521285079994414], ["BigBuckBunny_4s34.m4s", 1473801.0, 832799, 2.7405754789997445], ["BigBuckBunny_4s35.m4s", 3936261.0, 1727194, 3.0800436010003978], ["BigBuckBunny_4s36.m4s", 1473801.0, 911816, 1.718389661999936], ["BigBuckBunny_4s37.m4s", 3936261.0, 1584904, 2.8565397519996623], ["BigBuckBunny_4s38.m4s", 1473801.0, 697596, 1.3188745490006113], ["BigBuckBunny_4s39.m4s", 3936261.0, 1662175, 2.9413782350002293], ["BigBuckBunny_4s40.m4s", 1473801.0, 377123, 0.7524332559996765], ["BigBuckBunny_4s41.m4s", 3936261.0, 1779772, 3.1290790240000206], ["BigBuckBunny_4s42.m4s", 1473801.0, 568083, 1.0720111799992083], ["BigBuckBunny_4s43.m4s", 3936261.0, 1126162, 1.9977487840005779], ["BigBuckBunny_4s44.m4s", 1473801.0, 432177, 0.833364449000328], ["BigBuckBunny_4s45.m4s", 3936261.0, 1765637, 3.0967197870004384], ["BigBuckBunny_4s46.m4s", 1473801.0, 927650, 1.6947104349992514], ["BigBuckBunny_4s47.m4s", 3936261.0, 2205634, 3.8320123729999978], ["BigBuckBunny_4s48.m4s", 1473801.0, 453409, 0.9114210400002776], ["BigBuckBunny_4s49.m4s", 3936261.0, 2478806, 4.289085996999347], ["BigBuckBunny_4s50.m4s", 1473801.0, 542813, 1.0421474439999656], ["BigBuckBunny_4s51.m4s", 3936261.0, 1181231, 2.1223623149999185], ["BigBuckBunny_4s52.m4s", 1473801.0, 587148, 1.118524184999842], ["BigBuckBunny_4s53.m4s", 3936261.0, 2182630, 3.8122143139999025], ["BigBuckBunny_4s54.m4s", 1473801.0, 821334, 1.5291280709998318], ["BigBuckBunny_4s55.m4s", 3936261.0, 1358854, 2.4069461400004], ["BigBuckBunny_4s56.m4s", 1473801.0, 428454, 0.8617967539994424], ["BigBuckBunny_4s57.m4s", 3936261.0, 2531784, 6.036381543000061], ["BigBuckBunny_4s58.m4s", 1473801.0, 612736, 1.198392323999542], ["BigBuckBunny_4s59.m4s", 3936261.0, 1317299, 2.3301718370003073], ["BigBuckBunny_4s60.m4s", 1473801.0, 485342, 2.5744463330001963], ["BigBuckBunny_4s61.m4s", 3936261.0, 2444550, 4.271236126000076], ["BigBuckBunny_4s62.m4s", 1473801.0, 927240, 3.3669327110001177], ["BigBuckBunny_4s63.m4s", 3936261.0, 1618694, 8.064705726999819], ["BigBuckBunny_4s64.m4s", 1473801.0, 790579, 6.750392398999793], ["BigBuckBunny_4s65.m4s", 3936261.0, 1866378, 3.2479554769997776], ["BigBuckBunny_4s66.m4s", 1473801.0, 635629, 1.1820441500003653], ["BigBuckBunny_4s67.m4s", 3936261.0, 1464573, 2.589080013000057], ["BigBuckBunny_4s68.m4s", 1473801.0, 872298, 1.6076167060000444], ["BigBuckBunny_4s69.m4s", 3936261.0, 2779961, 4.789790791000087], ["BigBuckBunny_4s70.m4s", 1473801.0, 834599, 1.5307932440000513], ["BigBuckBunny_4s71.m4s", 3936261.0, 2313900, 3.9953010620001805], ["BigBuckBunny_4s72.m4s", 1473801.0, 600804, 1.1401320739996663], ["BigBuckBunny_4s73.m4s", 3936261.0, 998236, 1.7976066379997064], ["BigBuckBunny_4s74.m4s", 1473801.0, 872727, 1.6026310239994928], ["BigBuckBunny_4s75.m4s", 3936261.0, 1530464, 2.6956957579996015], ["BigBuckBunny_4s76.m4s", 1473801.0, 678528, 1.2612993299999289], ["BigBuckBunny_4s77.m4s", 3936261.0, 2424027, 6.148307804000069], ["BigBuckBunny_4s78.m4s", 1473801.0, 828979, 1.5266527730000234], ["BigBuckBunny_4s79.m4s", 3936261.0, 2719701, 4.946550712999851], ["BigBuckBunny_4s80.m4s", 1473801.0, 855240, 13.038949786000558], ["BigBuckBunny_4s81.m4s", 3936261.0, 2113082, 4.281090925000171], ["BigBuckBunny_4s82.m4s", 1473801.0, 914840, 1.6636584530006076], ["BigBuckBunny_4s83.m4s", 3936261.0, 1958415, 3.4196028899996236], ["BigBuckBunny_4s84.m4s", 1473801.0, 770908, 5.168006790000618], ["BigBuckBunny_4s85.m4s", 3936261.0, 1094054, 1.959194719000152], ["BigBuckBunny_4s86.m4s", 1473801.0, 796659, 1.464490461999958], ["BigBuckBunny_4s87.m4s", 3936261.0, 3765080, 6.443790162999903], ["BigBuckBunny_4s88.m4s", 1473801.0, 996828, 1.7875459820006654], ["BigBuckBunny_4s89.m4s", 3936261.0, 3135697, 18.497322804999385], ["BigBuckBunny_4s90.m4s", 1473801.0, 970369, 1.7566063120002582], ["BigBuckBunny_4s91.m4s", 3936261.0, 2917959, 5.072853568999562], ["BigBuckBunny_4s92.m4s", 1473801.0, 1001258, 2.5109920899994904], ["BigBuckBunny_4s93.m4s", 3936261.0, 2913249, 9.876823454999794], ["BigBuckBunny_4s94.m4s", 1473801.0, 637728, 1.225554855000155], ["BigBuckBunny_4s95.m4s", 3936261.0, 1652611, 3.499049119999654], ["BigBuckBunny_4s96.m4s", 1473801.0, 578412, 1.1055090119998567], ["BigBuckBunny_4s97.m4s", 3936261.0, 656448, 1.2289931929999511], ["BigBuckBunny_4s98.m4s", 1473801.0, 516695, 1.011737402000108], ["BigBuckBunny_4s99.m4s", 3936261.0, 1187169, 11.807161231999999], ["BigBuckBunny_4s100.m4s", 1473801.0, 563315, 1.0718461009992097], ["BigBuckBunny_4s101.m4s", 577751.0, 236559, 0.5384625309998228], ["BigBuckBunny_4s102.m4s", 1473801.0, 578214, 1.1192906260002928], ["BigBuckBunny_4s103.m4s", 577751.0, 308428, 0.6556518919996961], ["BigBuckBunny_4s104.m4s", 1473801.0, 830176, 1.515503558999626], ["BigBuckBunny_4s105.m4s", 3936261.0, 1166908, 2.097875507000026], ["BigBuckBunny_4s106.m4s", 1473801.0, 996629, 1.7856512429998475], ["BigBuckBunny_4s107.m4s", 3936261.0, 2703116, 4.663129435000883], ["BigBuckBunny_4s108.m4s", 1473801.0, 812526, 3.569483004999711], ["BigBuckBunny_4s109.m4s", 3936261.0, 3187710, 5.468313661000138], ["BigBuckBunny_4s110.m4s", 1473801.0, 706525, 2.0457616280000366], ["BigBuckBunny_4s111.m4s", 3936261.0, 1831807, 3.454556360999959], ["BigBuckBunny_4s112.m4s", 1473801.0, 675716, 1.2648881260001872], ["BigBuckBunny_4s113.m4s", 3936261.0, 916797, 1.6673389759998827], 