{"playback_info": {"start_time": 1745736998.5855436, "end_time": null, "initial_buffering_duration": 0.18227195739746094, "interruptions": {"count": 30, "events": [[1745737014.5935802, 1745737026.8407145], [1745737038.8431807, 1745737040.7619424], [1745737044.7676651, 1745737068.0761266], [1745737072.0820458, 1745737137.6830354], [1745737181.6868377, 1745737202.383623], [1745737206.3866982, 1745737212.5227108], [1745737248.5241249, 1745737284.5211976], [1745737328.527452, 1745737344.5231822], [1745737384.5355387, 1745737425.6419733], [1745737537.650647, 1745737543.9992607], [1745737552.0020003, 1745737555.5200899], [1745737563.538818, 1745737567.2923048], [1745737575.295373, 1745737575.388986], [1745737583.4196553, 1745737587.4104881], [1745737595.412454, 1745737599.0373824], [1745737607.0400267, 1745737610.3849022], [1745737618.3888912, 1745737620.688384], [1745737628.6973195, 1745737628.7812037], [1745737676.7856817, 1745737677.8190715], [1745737685.8220575, 1745737689.7926435], [1745737697.7970202, 1745737699.283767], [1745737715.2862232, 1745737718.0466642], [1745737726.0613606, 1745737749.7270284], [1745737765.7402596, 1745737765.7402666], [1745737769.7449207, 1745737807.035632], [1745737851.0341866, 1745737851.3354883], [1745737859.3386738, 1745737881.571942], [1745737917.574433, 1745737954.4409738], [1745737958.4624054, 1745737963.4007678], [1745737967.410031, 1745737982.6507618]], "total_duration": 399.85295271873474}, "up_shifts": 74, "down_shifts": 64}, "playback_type": "’basic’", "video_metadata": {"mpd_file": "BigBuckBunny_4s.mpd", "playback_duration": 596.46, "available_bitrates": [128503, 378355, 577751, 1473801, 3936261]}, "segment_info": [["BigBuckBunny_4s_init.mp4", 128503, 879, 0.1477867899998273], ["BigBuckBunny_4s1.m4s", 128503.0, 63926, 0.6575449289998687], ["BigBuckBunny_4s2.m4s", 378355.0, 230697, 2.066530324000041], ["BigBuckBunny_4s3.m4s", 577751.0, 350180, 4.413542376999885], ["BigBuckBunny_4s4.m4s", 1473801.0, 985125, 20.90854030300011], ["BigBuckBunny_4s5.m4s", 378355.0, 126538, 1.1179848869999205], ["BigBuckBunny_4s6.m4s", 577751.0, 195615, 3.68952570700003], ["BigBuckBunny_4s7.m4s", 378355.0, 241936, 8.83591272999979], ["BigBuckBunny_4s8.m4s", 128503.0, 71464, 27.280432639000082], ["BigBuckBunny_4s9.m4s", 378355.0, 224426, 69.51815532], ["BigBuckBunny_4s10.m4s", 128503.0, 74928, 0.77133711700003], ["BigBuckBunny_4s11.m4s", 128503.0, 72208, 1.5243520689998604], ["BigBuckBunny_4s12.m4s", 128503.0, 73092, 0.8580413370000315], ["BigBuckBunny_4s13.m4s", 128503.0, 71808, 0.7198331419999704], ["BigBuckBunny_4s14.m4s", 128503.0, 68666, 0.6325073500001963], ["BigBuckBunny_4s15.m4s", 378355.0, 98843, 0.8990451749998556], ["BigBuckBunny_4s16.m4s", 577751.0, 222957, 1.9288888329999736], ["BigBuckBunny_4s17.m4s", 1473801.0, 818282, 7.8081622580000385], ["BigBuckBunny_4s18.m4s", 577751.0, 249346, 2.6048204090000127], ["BigBuckBunny_4s19.m4s", 1473801.0, 739423, 7.0366195959998095], ["BigBuckBunny_4s20.m4s", 577751.0, 335373, 39.28205348100005], ["BigBuckBunny_4s21.m4s", 128503.0, 72068, 7.12580942999989], ["BigBuckBunny_4s22.m4s", 378355.0, 103036, 1.5698853129999861], ["BigBuckBunny_4s23.m4s", 128503.0, 53698, 0.7143573819998892], ["BigBuckBunny_4s24.m4s", 378355.0, 88435, 0.9975979089999782], ["BigBuckBunny_4s25.m4s", 128503.0, 51931, 0.5112750470000265], ["BigBuckBunny_4s26.m4s", 378355.0, 143107, 1.540046738000001], ["BigBuckBunny_4s27.m4s", 577751.0, 267204, 2.762870641000063], ["BigBuckBunny_4s28.m4s", 1473801.0, 444405, 4.574062210999955], ["BigBuckBunny_4s29.m4s", 577751.0, 320378, 3.7409862120000525], ["BigBuckBunny_4s30.m4s", 1473801.0, 953695, 51.981096954999884], ["BigBuckBunny_4s31.m4s", 128503.0, 66572, 0.6453119590000824], ["BigBuckBunny_4s32.m4s", 378355.0, 169064, 3.183469834999869], ["BigBuckBunny_4s33.m4s", 128503.0, 68743, 0.6848073569999542], ["BigBuckBunny_4s34.m4s", 378355.0, 219843, 1.9220970090000264], ["BigBuckBunny_4s35.m4s", 128503.0, 65135, 0.6145512650000455], ["BigBuckBunny_4s36.m4s", 378355.0, 233225, 2.010073664000174], ["BigBuckBunny_4s37.m4s", 577751.0, 281287, 2.4231111490000785], ["BigBuckBunny_4s38.m4s", 1473801.0, 697596, 5.9169926940001005], ["BigBuckBunny_4s39.m4s", 577751.0, 310231, 2.9815771260000474], ["BigBuckBunny_4s40.m4s", 1473801.0, 377123, 3.882537323999941], ["BigBuckBunny_4s41.m4s", 577751.0, 289249, 33.28818825899998], ["BigBuckBunny_4s42.m4s", 128503.0, 57651, 0.5699581430001217], ["BigBuckBunny_4s43.m4s", 378355.0, 154343, 1.7973426009998548], ["BigBuckBunny_4s44.m4s", 128503.0, 57923, 0.7759997159998875], ["BigBuckBunny_4s45.m4s", 378355.0, 207838, 1.8605374109999957], ["BigBuckBunny_4s46.m4s", 128503.0, 70854, 0.6750921899999867], ["BigBuckBunny_4s47.m4s", 378355.0, 232792, 10.905642812999986], ["BigBuckBunny_4s48.m4s", 128503.0, 42859, 0.4328064369999538], ["BigBuckBunny_4s49.m4s", 378355.0, 236750, 2.0450958680000895], ["BigBuckBunny_4s50.m4s", 128503.0, 57912, 15.889680832000067], ["BigBuckBunny_4s51.m4s", 378355.0, 161406, 45.19586135900022], ["BigBuckBunny_4s52.m4s", 128503.0, 62370, 0.5884995110000091], ["BigBuckBunny_4s53.m4s", 128503.0, 71834, 0.8880977540000004], ["BigBuckBunny_4s54.m4s", 128503.0, 72303, 0.6670830360001219], ["BigBuckBunny_4s55.m4s", 128503.0, 71152, 0.6578698700000132], ["BigBuckBunny_4s56.m4s", 128503.0, 45982, 0.46826461799992103], ["BigBuckBunny_4s57.m4s", 378355.0, 192544, 1.9519621489998826], ["BigBuckBunny_4s58.m4s", 577751.0, 269511, 2.342756816000019], ["BigBuckBunny_4s59.m4s", 1473801.0, 550690, 4.687508109999953], ["BigBuckBunny_4s60.m4s", 577751.0, 261523, 2.2414035389999754], ["BigBuckBunny_4s61.m4s", 1473801.0, 730507, 6.157557595000071], ["BigBuckBunny_4s62.m4s", 577751.0, 327515, 2.837844190999931], ["BigBuckBunny_4s63.m4s", 1473801.0, 749623, 6.331969156000014], ["BigBuckBunny_4s64.m4s", 577751.0, 312588, 3.2507247549999647], ["BigBuckBunny_4s65.m4s", 1473801.0, 698429, 8.024987749000047], ["BigBuckBunny_4s66.m4s", 577751.0, 267304, 2.420272807999936], ["BigBuckBunny_4s67.m4s", 1473801.0, 691262, 7.623918561999972], ["BigBuckBunny_4s68.m4s", 577751.0, 316975, 2.8737519920000523], ["BigBuckBunny_4s69.m4s", 1473801.0, 938715, 9.105476445000022], ["BigBuckBunny_4s70.m4s", 577751.0, 309353, 3.398062004999929], ["BigBuckBunny_4s71.m4s", 1473801.0, 861439, 8.097385780999957], ["BigBuckBunny_4s72.m4s", 577751.0, 263064, 2.2553420749998168], ["BigBuckBunny_4s73.m4s", 1473801.0, 463085, 4.6139020539999365], ["BigBuckBunny_4s74.m4s", 577751.0, 319148, 3.0527953229998275], ["BigBuckBunny_4s75.m4s", 1473801.0, 612434, 5.8471494899999925], ["BigBuckBunny_4s76.m4s", 577751.0, 251307, 2.9941120070000125], ["BigBuckBunny_4s77.m4s", 1473801.0, 852331, 7.236986988000126], ["BigBuckBunny_4s78.m4s", 577751.0, 302202, 3.3274794910000765], ["BigBuckBunny_4s79.m4s", 1473801.0, 1010462, 12.037763757999983], ["BigBuckBunny_4s80.m4s", 577751.0, 309676, 2.6673356769999828], ["BigBuckBunny_4s81.m4s", 1473801.0, 787220, 8.712178814000026], ["BigBuckBunny_4s82.m4s", 577751.0, 329172, 2.836549934000004], ["BigBuckBunny_4s83.m4s", 1473801.0, 866990, 8.826419322999982], ["BigBuckBunny_4s84.m4s", 577751.0, 320206, 3.375011308000012], ["BigBuckBunny_4s85.m4s", 1473801.0, 464281, 4.486983666000015], ["BigBuckBunny_4s86.m4s", 577751.0, 280092, 2.765099810000038], ["BigBuckBunny_4s87.m4s", 1473801.0, 988882, 9.147578166999892], ["BigBuckBunny_4s88.m4s", 577751.0, 341315, 3.648162978999835], ["BigBuckBunny_4s89.m4s", 1473801.0, 913670, 7.716876961000025], ["BigBuckBunny_4s90.m4s", 577751.0, 328184, 2.8141453630000797], ["BigBuckBunny_4s91.m4s", 1473801.0, 853954, 8.435662055999956], ["BigBuckBunny_4s92.m4s", 577751.0, 344452, 2.9500740390001283], ["BigBuckBunny_4s93.m4s", 1473801.0, 864083, 7.282769951999853], ["BigBuckBunny_4s94.m4s", 577751.0, 244634, 2.11357004599995], ["BigBuckBunny_4s95.m4s", 1473801.0, 695929, 5.866125723000096], ["BigBuckBunny_4s96.m4s", 577751.0, 256094, 2.241521012999783], ["BigBuckBunny_4s97.m4s", 1473801.0, 316787, 2.868344519999937], 