{"playback_info": {"start_time": 1746337389.7867508, "end_time": null, "initial_buffering_duration": 0.22484445571899414, "interruptions": {"count": 23, "events": [[1746337437.835406, 1746337529.3917828], [1746337565.4031322, 1746337579.1463869], [1746337583.1640286, 1746337588.190417], [1746337592.2063682, 1746337598.086505], [1746337786.0897915, 1746337790.7660918], [1746337798.7777047, 1746337800.7420902], [1746337804.751022, 1746337804.7510355], [1746337808.7979064, 1746337812.7984529], [1746337916.8123057, 1746337924.1907837], [1746337928.2145813, 1746337928.6255474], [1746337976.6353977, 1746337977.5239735], [1746337981.5394187, 1746337983.1594884], [1746337987.1796947, 1746337991.8389246], [1746337995.850726, 1746338001.2262065], [1746338045.243625, 1746338052.2010632], [1746338056.2122023, 1746338056.7318382], [1746338088.7378488, 1746338089.1687405], [1746338097.175819, 1746338100.3614054], [1746338108.3790953, 1746338112.3495567], [1746338120.3700545, 1746338123.6595533], [1746338131.6703207, 1746338149.203502], [1746338153.2152123, 1746338155.2225626], [1746338171.2273014, 1746338171.4147902]], "total_duration": 185.26173520088196}, "up_shifts": 79, "down_shifts": 67}, "playback_type": "basic", "video_metadata": {"mpd_file": "BigBuckBunny_4s.mpd", "playback_duration": 596.46, "available_bitrates": [128503, 378355, 577751, 1473801, 3936261]}, "segment_info": [["BigBuckBunny_4s_init.mp4", 128503, 879, 0.12417064100009156], ["BigBuckBunny_4s1.m4s", 128503.0, 63926, 0.5999131539938389], ["BigBuckBunny_4s2.m4s", 378355.0, 230697, 1.9990885490042274], ["BigBuckBunny_4s3.m4s", 577751.0, 350180, 6.006857432003017], ["BigBuckBunny_4s4.m4s", 378355.0, 232915, 2.075141765002627], ["BigBuckBunny_4s5.m4s", 577751.0, 232496, 1.98534227500204], ["BigBuckBunny_4s6.m4s", 1473801.0, 444154, 3.7670260590020916], ["BigBuckBunny_4s7.m4s", 577751.0, 334800, 2.905488061995129], ["BigBuckBunny_4s8.m4s", 1473801.0, 990950, 8.361331253996468], ["BigBuckBunny_4s9.m4s", 577751.0, 311430, 2.7701370069989935], ["BigBuckBunny_4s10.m4s", 1473801.0, 980500, 8.741258951995405], ["BigBuckBunny_4s11.m4s", 577751.0, 339926, 2.901016242998594], ["BigBuckBunny_4s12.m4s", 1473801.0, 956123, 96.75754071799747], ["BigBuckBunny_4s13.m4s", 128503.0, 71808, 0.6558793610020075], ["BigBuckBunny_4s14.m4s", 378355.0, 242159, 2.1060925490019144], ["BigBuckBunny_4s15.m4s", 128503.0, 46714, 0.4851161129990942], ["BigBuckBunny_4s16.m4s", 128503.0, 57211, 0.6250390069981222], ["BigBuckBunny_4s17.m4s", 128503.0, 63007, 0.6218210169972735], ["BigBuckBunny_4s18.m4s", 378355.0, 162977, 1.5084726940040127], ["BigBuckBunny_4s19.m4s", 577751.0, 263858, 2.280326262996823], ["BigBuckBunny_4s20.m4s", 1473801.0, 1022921, 15.284589961003803], ["BigBuckBunny_4s21.m4s", 378355.0, 227873, 24.85566640199977], ["BigBuckBunny_4s22.m4s", 128503.0, 56560, 8.953758135001408], ["BigBuckBunny_4s23.m4s", 378355.0, 136304, 9.874989064999681], ["BigBuckBunny_4s24.m4s", 128503.0, 51745, 0.9917550820027827], ["BigBuckBunny_4s25.m4s", 378355.0, 111418, 1.3737864529975923], ["BigBuckBunny_4s26.m4s", 128503.0, 55191, 0.6079348689963808], ["BigBuckBunny_4s27.m4s", 128503.0, 69015, 0.645258811993699], ["BigBuckBunny_4s28.m4s", 378355.0, 136564, 1.2301208839999163], ["BigBuckBunny_4s29.m4s", 577751.0, 320378, 7.1232158269995125], ["BigBuckBunny_4s30.m4s", 378355.0, 229079, 1.9918033059948357], ["BigBuckBunny_4s31.m4s", 577751.0, 315944, 2.7128380560025107], ["BigBuckBunny_4s32.m4s", 378355.0, 169064, 13.75104784299765], ["BigBuckBunny_4s33.m4s", 128503.0, 68743, 4.735670392001339], ["BigBuckBunny_4s34.m4s", 378355.0, 219843, 3.2270053699976415], ["BigBuckBunny_4s35.m4s", 128503.0, 65135, 1.5739789810031652], ["BigBuckBunny_4s36.m4s", 378355.0, 233225, 2.025125805004791], ["BigBuckBunny_4s37.m4s", 128503.0, 58446, 0.5314212219964247], ["BigBuckBunny_4s38.m4s", 378355.0, 183969, 8.495557672002178], ["BigBuckBunny_4s39.m4s", 128503.0, 68550, 1.2510966480040224], ["BigBuckBunny_4s40.m4s", 378355.0, 104031, 1.5282795149978483], ["BigBuckBunny_4s41.m4s", 128503.0, 66143, 1.0129007419964182], ["BigBuckBunny_4s42.m4s", 378355.0, 152722, 2.5890326459993958], ["BigBuckBunny_4s43.m4s", 128503.0, 60743, 8.499532215995714], ["BigBuckBunny_4s44.m4s", 378355.0, 124260, 1.3117804799985606], ["BigBuckBunny_4s45.m4s", 128503.0, 69991, 0.6498172700012219], ["BigBuckBunny_4s46.m4s", 378355.0, 236500, 2.344532249000622], ["BigBuckBunny_4s47.m4s", 128503.0, 73466, 0.6903788310009986], ["BigBuckBunny_4s48.m4s", 378355.0, 113615, 1.0173901049929555], ["BigBuckBunny_4s49.m4s", 577751.0, 322244, 2.8489217729947995], ["BigBuckBunny_4s50.m4s", 1473801.0, 542813, 4.592265458995826], ["BigBuckBunny_4s51.m4s", 577751.0, 273572, 2.40775272299652], ["BigBuckBunny_4s52.m4s", 1473801.0, 587148, 5.028408947000571], ["BigBuckBunny_4s53.m4s", 577751.0, 323385, 2.8063958299972], ["BigBuckBunny_4s54.m4s", 1473801.0, 821334, 15.57157362200087], ["BigBuckBunny_4s55.m4s", 378355.0, 212256, 3.2186456070048735], ["BigBuckBunny_4s56.m4s", 577751.0, 195834, 2.481711565000296], ["BigBuckBunny_4s57.m4s", 378355.0, 192544, 2.5505101589951664], ["BigBuckBunny_4s58.m4s", 577751.0, 269511, 6.2816450579994125], ["BigBuckBunny_4s59.m4s", 128503.0, 66137, 1.3548266060024616], ["BigBuckBunny_4s60.m4s", 378355.0, 147706, 2.566171853999549], ["BigBuckBunny_4s61.m4s", 577751.0, 291700, 2.7205815899942536], ["BigBuckBunny_4s62.m4s", 378355.0, 229202, 2.0938420000020415], ["BigBuckBunny_4s63.m4s", 577751.0, 291815, 2.536846457005595], ["BigBuckBunny_4s64.m4s", 1473801.0, 790579, 7.098182159999851], ["BigBuckBunny_4s65.m4s", 577751.0, 268670, 2.8006702739949105], ["BigBuckBunny_4s66.m4s", 1473801.0, 635629, 6.083594506002555], ["BigBuckBunny_4s67.m4s", 577751.0, 292845, 6.9184779549977975], ["BigBuckBunny_4s68.m4s", 1473801.0, 872298, 7.381299569999101], ["BigBuckBunny_4s69.m4s", 577751.0, 342739, 14.001678296001046], ["BigBuckBunny_4s70.m4s", 378355.0, 213676, 9.397264365004958], ["BigBuckBunny_4s71.m4s", 128503.0, 66135, 2.603752634997363], ["BigBuckBunny_4s72.m4s", 378355.0, 132940, 6.124052243001643], ["BigBuckBunny_4s73.m4s", 128503.0, 49126, 2.3551240579981823], ["BigBuckBunny_4s74.m4s", 378355.0, 222162, 7.612865645001875], ["BigBuckBunny_4s75.m4s", 128503.0, 60283, 1.1689521139996941], ["BigBuckBunny_4s76.m4s", 378355.0, 175846, 1.929406862000178], ["BigBuckBunny_4s77.m4s", 128503.0, 64411, 0.6003483910026262], ["BigBuckBunny_4s78.m4s", 378355.0, 217794, 1.926427739999781], ["BigBuckBunny_4s79.m4s", 128503.0, 71695, 0.643340211994655], ["BigBuckBunny_4s80.m4s", 378355.0, 211548, 1.8611407140051597], ["BigBuckBunny_4s81.m4s", 577751.0, 295372, 5.517350650996377], ["BigBuckBunny_4s82.m4s", 378355.0, 228321, 2.335994282999309], ["BigBuckBunny_4s83.m4s", 577751.0, 322986, 3.1566365260005114], ["BigBuckBunny_4s84.m4s", 378355.0, 215110, 2.8717864670034032], ["BigBuckBunny_4s85.m4s", 577751.0, 207759, 2.063084995999816], ["BigBuckBunny_4s86.m4s", 378355.0, 186293, 1.7365028830026858], ["BigBuckBunny_4s87.m4s", 577751.0, 344711, 3.2125133959998493], ["BigBuckBunny_4s88.m4s", 1473801.0, 996828, 10.93808691999584], ["BigBuckBunny_4s89.m4s", 577751.0, 334080, 5.094775849000143], ["BigBuckBunny_4s90.m4s", 1473801.0, 970369, 12.346071165993635], ["BigBuckBunny_4s91.m4s", 378355.0, 186253, 1.9712177949986653], ["BigBuckBunny_4s92.m4s", 577751.0, 344452, 3.8458844650012907], ["BigBuckBunny_4s93.m4s", 378355.0, 196511, 1.9584856869987561], ["BigBuckBunny_4s94.m4s", 577751.0, 244634, 2.403313305003394], ["BigBuckBunny_4s95.m4s", 378355.0, 167667, 1.454092671003309], ["BigBuckBunny_4s96.m4s", 577751.0, 256094, 2.4949482820011326], ["BigBuckBunny_4s97.m4s", 1473801.0, 316787, 2.717234294002992], ["BigBuckBunny_4s98.m4s", 577751.0, 224592, 2.0107100270033698], ["BigBuckBunny_4s99.m4s", 1473801.0, 556352, 19.55914261900034], ["BigBuckBunny_4s100.m4s", 128503.0, 67986, 9.306494675998692], ["BigBuckBunny_4s101.m4s", 378355.0, 139147, 2.447361817001365], ["BigBuckBunny_4s102.m4s", 128503.0, 52193, 