{"playback_info": {"start_time": 1746337262.7272205, "end_time": null, "initial_buffering_duration": 0.1967790126800537, "interruptions": {"count": 2, "events": [[1746337290.7887373, 1746337293.5950785], [1746337297.6131556, 1746337353.4420483]], "total_duration": 58.635233879089355}, "up_shifts": 4, "down_shifts": 3}, "playback_type": "basic", "video_metadata": {"mpd_file": "BigBuckBunny_4s.mpd", "playback_duration": 596.46, "available_bitrates": [128503, 378355, 577751, 1473801, 3936261]}, "segment_info": [["BigBuckBunny_4s_init.mp4", 128503, 879, 0.09144073999777902], ["BigBuckBunny_4s1.m4s", 128503.0, 63926, 0.6168117960041855], ["BigBuckBunny_4s2.m4s", 378355.0, 230697, 2.039699130000372], ["BigBuckBunny_4s3.m4s", 577751.0, 350180, 3.0235493590007536], ["BigBuckBunny_4s4.m4s", 1473801.0, 985125, 8.314019579003798], ["BigBuckBunny_4s5.m4s", 577751.0, 232496, 2.079554582996934], ["BigBuckBunny_4s6.m4s", 1473801.0, 444154, 4.014548387000104], ["BigBuckBunny_4s7.m4s", 577751.0, 334800, 10.193115845002467], ["BigBuckBunny_4s8.m4s", 378355.0, 240259, 59.77931577099662]]}