{"playback_info": {"start_time": 1746384204.727111, "end_time": null, "initial_buffering_duration": 0.14342164993286133, "interruptions": {"count": 19, "events": [[1746384244.7315981, 1746384247.676242], [1746384251.6806855, 1746384264.395412], [1746384272.4122877, 1746384273.2343514], [1746384277.2405612, 1746384277.3845513], [1746384281.3875508, 1746384282.6088262], [1746384306.6150463, 1746384308.1211689], [1746384316.153338, 1746384321.7667665], [1746384325.8177357, 1746384332.619559], [1746384344.6654716, 1746384344.6658278], [1746384348.670462, 1746384368.765973], [1746384372.788051, 1746384376.1956444], [1746384528.1992848, 1746384537.3482137], [1746384541.3594496, 1746384545.7903273], [1746384665.810326, 1746384669.084517], [1746384713.0910108, 1746384866.8507373], [1746384898.8550808, 1746384901.474595], [1746384957.4796872, 1746384964.4045699], [1746384976.4087117, 1746384977.0934017], [1746385017.0956464, 1746385043.6537302]], "total_duration": 262.672429561615}, "up_shifts": 74, "down_shifts": 62}, "playback_type": "basic", "video_metadata": {"mpd_file": "BigBuckBunny_4s.mpd", "playback_duration": 596.46, "available_bitrates": [128503, 378355, 577751, 1473801, 3936261]}, "segment_info": [["BigBuckBunny_4s_init.mp4", 128503, 879, 0.10092407300544437], ["BigBuckBunny_4s1.m4s", 128503.0, 63926, 0.6104014120064676], ["BigBuckBunny_4s2.m4s", 378355.0, 230697, 1.9840915530076018], ["BigBuckBunny_4s3.m4s", 577751.0, 350180, 2.9820113489986397], ["BigBuckBunny_4s4.m4s", 1473801.0, 985125, 8.30817355500767], ["BigBuckBunny_4s5.m4s", 577751.0, 232496, 1.9958466529933503], ["BigBuckBunny_4s6.m4s", 1473801.0, 444154, 3.7657175900094444], ["BigBuckBunny_4s7.m4s", 577751.0, 334800, 3.512218579999171], ["BigBuckBunny_4s8.m4s", 1473801.0, 990950, 8.34254364798835], ["BigBuckBunny_4s9.m4s", 577751.0, 311430, 2.65281448001042], ["BigBuckBunny_4s10.m4s", 1473801.0, 980500, 8.25911138500669], ["BigBuckBunny_4s11.m4s", 577751.0, 339926, 16.681721076005488], ["BigBuckBunny_4s12.m4s", 378355.0, 228502, 2.4238744840113213], ["BigBuckBunny_4s13.m4s", 577751.0, 341359, 6.108965425999486], ["BigBuckBunny_4s14.m4s", 378355.0, 242159, 4.0319270769978175], ["BigBuckBunny_4s15.m4s", 577751.0, 170551, 5.208769277000101], ["BigBuckBunny_4s16.m4s", 128503.0, 57211, 1.2252208729914855], ["BigBuckBunny_4s17.m4s", 378355.0, 210910, 3.3283571750071133], ["BigBuckBunny_4s18.m4s", 128503.0, 56458, 0.8461389610019978], ["BigBuckBunny_4s19.m4s", 378355.0, 183581, 2.3040527530101826], ["BigBuckBunny_4s20.m4s", 128503.0, 70835, 7.233166645994061], ["BigBuckBunny_4s21.m4s", 378355.0, 227873, 10.044346790004056], ["BigBuckBunny_4s22.m4s", 128503.0, 56560, 0.874273412002367], ["BigBuckBunny_4s23.m4s", 378355.0, 136304, 12.427746465997188], ["BigBuckBunny_4s24.m4s", 128503.0, 51745, 9.758667403002619], ["BigBuckBunny_4s25.m4s", 128503.0, 51931, 0.48275828499754425], ["BigBuckBunny_4s26.m4s", 128503.0, 55191, 0.5062169440061552], ["BigBuckBunny_4s27.m4s", 128503.0, 69015, 10.885731160000432], ["BigBuckBunny_4s28.m4s", 128503.0, 63443, 24.09583123899938], ["BigBuckBunny_4s29.m4s", 128503.0, 70338, 6.513928265005234], ["BigBuckBunny_4s30.m4s", 128503.0, 68423, 0.6945547130017076], ["BigBuckBunny_4s31.m4s", 128503.0, 66572, 1.1081297199998517], ["BigBuckBunny_4s32.m4s", 128503.0, 65295, 0.6260327190102544], ["BigBuckBunny_4s33.m4s", 128503.0, 68743, 0.6207337550004013], ["BigBuckBunny_4s34.m4s", 378355.0, 219843, 4.64542117799283], ["BigBuckBunny_4s35.m4s", 577751.0, 334539, 2.877377623997745], ["BigBuckBunny_4s36.m4s", 378355.0, 233225, 2.0578191060048994], ["BigBuckBunny_4s37.m4s", 577751.0, 281287, 3.1124929190118564], ["BigBuckBunny_4s38.m4s", 378355.0, 183969, 1.6011830339994049], ["BigBuckBunny_4s39.m4s", 577751.0, 310231, 2.6540953790099593], ["BigBuckBunny_4s40.m4s", 1473801.0, 377123, 3.206577744000242], ["BigBuckBunny_4s41.m4s", 577751.0, 289249, 2.464816038002027], ["BigBuckBunny_4s42.m4s", 1473801.0, 568083, 5.534902522995253], ["BigBuckBunny_4s43.m4s", 577751.0, 237098, 2.059753499997896], ["BigBuckBunny_4s44.m4s", 1473801.0, 432177, 3.6731979769974714], ["BigBuckBunny_4s45.m4s", 577751.0, 320900, 2.720497205009451], ["BigBuckBunny_4s46.m4s", 1473801.0, 927650, 8.678935541989631], ["BigBuckBunny_4s47.m4s", 577751.0, 332405, 2.827616708003916], ["BigBuckBunny_4s48.m4s", 1473801.0, 453409, 3.852859485996305], ["BigBuckBunny_4s49.m4s", 577751.0, 322244, 3.4416225829918403], ["BigBuckBunny_4s50.m4s", 1473801.0, 542813, 5.575241295999149], ["BigBuckBunny_4s51.m4s", 577751.0, 273572, 2.4107532350026304], ["BigBuckBunny_4s52.m4s", 1473801.0, 587148, 5.003721056011273], ["BigBuckBunny_4s53.m4s", 577751.0, 323385, 2.7411901199957356], ["BigBuckBunny_4s54.m4s", 1473801.0, 821334, 6.922232122000423], ["BigBuckBunny_4s55.m4s", 577751.0, 318657, 2.7322094319970347], ["BigBuckBunny_4s56.m4s", 1473801.0, 428454, 3.652491087996168], ["BigBuckBunny_4s57.m4s", 577751.0, 268509, 2.325592979992507], ["BigBuckBunny_4s58.m4s", 1473801.0, 612736, 5.218139211006928], ["BigBuckBunny_4s59.m4s", 577751.0, 267365, 3.493959155995981], ["BigBuckBunny_4s60.m4s", 1473801.0, 485342, 4.148442293997505], ["BigBuckBunny_4s61.m4s", 577751.0, 291700, 2.5800612330058357], ["BigBuckBunny_4s62.m4s", 1473801.0, 927240, 7.871370676002698], ["BigBuckBunny_4s63.m4s", 577751.0, 291815, 2.5029081140091876], ["BigBuckBunny_4s64.m4s", 1473801.0, 790579, 6.674983550998149], ["BigBuckBunny_4s65.m4s", 577751.0, 268670, 2.3034889310074504], ["BigBuckBunny_4s66.m4s", 1473801.0, 635629, 5.374435318997712], ["BigBuckBunny_4s67.m4s", 577751.0, 292845, 28.3250984519982], ["BigBuckBunny_4s68.m4s", 128503.0, 69136, 8.38504607300274], ["BigBuckBunny_4s69.m4s", 378355.0, 233187, 2.0516320440074196], ["BigBuckBunny_4s70.m4s", 128503.0, 68033, 0.6261918310046894], ["BigBuckBunny_4s71.m4s", 378355.0, 192791, 1.695253468991723], ["BigBuckBunny_4s72.m4s", 128503.0, 54809, 0.5418174950027606], ["BigBuckBunny_4s73.m4s", 378355.0, 100705, 3.4372654129983857], ["BigBuckBunny_4s74.m4s", 577751.0, 319148, 7.398074716998963], ["BigBuckBunny_4s75.m4s", 128503.0, 60283, 0.5764252200024202], ["BigBuckBunny_4s76.m4s", 378355.0, 175846, 1.5416420289984671], ["BigBuckBunny_4s77.m4s", 128503.0, 64411, 0.6058728909993079], ["BigBuckBunny_4s78.m4s", 378355.0, 217794, 14.863938401991618], ["BigBuckBunny_4s79.m4s", 128503.0, 71695, 0.6396032140037278], ["BigBuckBunny_4s80.m4s", 378355.0, 211548, 1.867859674995998], ["BigBuckBunny_4s81.m4s", 128503.0, 68837, 0.6321949789999053], ["BigBuckBunny_4s82.m4s", 378355.0, 228321, 1.9619429420126835], ["BigBuckBunny_4s83.m4s", 128503.0, 69736, 0.6569241660035914], ["BigBuckBunny_4s84.m4s", 378355.0, 215110, 1.8470811320003122], ["BigBuckBunny_4s85.m4s", 577751.0, 207759, 1.7826229969941778], ["BigBuckBunny_4s86.m4s", 1473801.0, 796659, 6.730237982003018], ["BigBuckBunny_4s87.m4s", 577751.0, 344711, 2.976933559999452], ["BigBuckBunny_4s88.m4s", 1473801.0, 996828, 8.439695477994974], ["BigBuckBunny_4s89.m4s", 577751.0, 334080, 2.8585115460009547], ["BigBuckBunny_4s90.m4s", 1473801.0, 970369, 8.193464401003439], ["BigBuckBunny_4s91.m4s", 577751.0, 297496, 2.544096842990257], ["BigBuckBunny_4s92.m4s", 1473801.0, 1001258, 8.438547778991051], ["BigBuckBunny_4s93.m4s", 577751.0, 308805, 2.6323957919958048], ["BigBuckBunny_4s94.m4s", 1473801.0, 637728, 5.720977912002127], ["BigBuckBunny_4s95.m4s", 577751.0, 295590, 2.584334057988599], ["BigBuckBunny_4s96.m4s", 1473801.0, 578412, 4.902065660993685], ["BigBuckBunny_4s97.m4s", 577751.0, 161243, 1.400533969004755], ["BigBuckBunny_4s98.m4s", 1473801.0, 516695, 21.137923171001603], ["BigBuckBunny_4s99.m4s", 378355.0, 133588, 1.1762232730106916], ["BigBuckBunny_4s100.m4s", 128503.0, 67986, 0.624131477001356], ["BigBuckBunny_4s101.m4s", 378355.0, 139147, 1.2324437979987124], ["BigBuckBunny_4s102.m4s", 128503.0, 52193, 0.5125693860027241], ["BigBuckBunny_4s103.m4s", 378355.0, 195983, 1.7043434999941383], ["BigBuckBunny_4s104.m4s", 577751.0, 320682, 2.7396078099991428], 