{"playback_info": {"start_time": 1743621492.728833, "end_time": null, "initial_buffering_duration": 0.11120104789733887, "interruptions": {"count": 34, "events": [[1743621508.7323706, 1743621554.4340584], [1743621562.446975, 1743621563.0975993], [1743621567.0988483, 1743621579.0976226], [1743621583.1010802, 1743621588.36749], [1743621604.3744283, 1743621613.1333303], [1743621617.1339092, 1743621628.0998564], [1743621632.1229684, 1743621632.6319392], [1743621644.63902, 1743621644.6735132], [1743621648.6778824, 1743621650.1083539], [1743621654.111719, 1743621663.137117], [1743621667.1434968, 1743621675.1008863], [1743621679.104682, 1743621698.127251], [1743621702.1381733, 1743621710.1365454], [1743621714.1423051, 1743621720.2064404], [1743621740.2140722, 1743621741.1109223], [1743621785.1459062, 1743621796.226363], [1743621824.2514427, 1743621835.852845], [1743621839.856103, 1743621840.1227741], [1743621844.1416304, 1743621845.0142744], [1743621865.0288038, 1743621885.1521971], [1743621889.1597812, 1743621900.12349], [1743621904.1273744, 1743621910.1585486], [1743621914.1763635, 1743621916.148024], [1743621920.159481, 1743621928.1653078], [1743621932.1848185, 1743621935.3721426], [1743621979.375377, 1743621980.8699286], [1743621988.8711421, 1743621996.4001608], [1743622012.4069474, 1743622029.1796606], [1743622093.210072, 1743622095.5471923], [1743622167.5492237, 1743622191.1554017], [1743622195.1747594, 1743622200.1888943], [1743622204.220977, 1743622212.2114875], [1743622216.2256298, 1743622226.278584], [1743622322.303703, 1743622391.3131196]], "total_duration": 354.1918547153473}, "up_shifts": 59, "down_shifts": 45}, "playback_type": "basic", "video_metadata": {"mpd_file": "BigBuckBunny_4s.mpd", "playback_duration": 596.46, "available_bitrates": [128503, 378355, 577751, 1473801, 3936261]}, "segment_info": [["BigBuckBunny_4s_init.mp4", 128503, 879, 0.08743224999989252], ["BigBuckBunny_4s1.m4s", 128503.0, 63926, 0.6045900679998795], ["BigBuckBunny_4s2.m4s", 378355.0, 230697, 1.9923964990000513], ["BigBuckBunny_4s3.m4s", 577751.0, 350180, 3.267694378999977], ["BigBuckBunny_4s4.m4s", 1473801.0, 985125, 55.51020018400004], ["BigBuckBunny_4s5.m4s", 128503.0, 56908, 0.7468993729999056], ["BigBuckBunny_4s6.m4s", 378355.0, 114639, 7.1079084829998465], ["BigBuckBunny_4s7.m4s", 128503.0, 71842, 13.988019596999948], ["BigBuckBunny_4s8.m4s", 378355.0, 240259, 8.142008449000059], ["BigBuckBunny_4s9.m4s", 128503.0, 68253, 0.9294412049998755], ["BigBuckBunny_4s10.m4s", 128503.0, 74928, 0.6731686910000008], ["BigBuckBunny_4s11.m4s", 128503.0, 72208, 10.004945227000007], ["BigBuckBunny_4s12.m4s", 128503.0, 73092, 12.872864197999888], ["BigBuckBunny_4s13.m4s", 128503.0, 71808, 13.972078868999915], ["BigBuckBunny_4s14.m4s", 128503.0, 68666, 4.476220796999996], ["BigBuckBunny_4s15.m4s", 128503.0, 46714, 0.4542036119999011], ["BigBuckBunny_4s16.m4s", 128503.0, 57211, 4.99687751700003], ["BigBuckBunny_4s17.m4s", 128503.0, 63007, 6.500661541999989], ["BigBuckBunny_4s18.m4s", 128503.0, 56458, 4.354802083000095], ["BigBuckBunny_4s19.m4s", 128503.0, 61392, 12.817083754000123], ["BigBuckBunny_4s20.m4s", 128503.0, 70835, 10.615626130999999], ["BigBuckBunny_4s21.m4s", 128503.0, 72068, 20.939020518999996], ["BigBuckBunny_4s22.m4s", 128503.0, 56560, 12.001673127999993], ["BigBuckBunny_4s23.m4s", 128503.0, 53698, 8.974676350999971], ["BigBuckBunny_4s24.m4s", 128503.0, 51745, 0.5395533249998152], ["BigBuckBunny_4s25.m4s", 128503.0, 51931, 0.5899963710000975], ["BigBuckBunny_4s26.m4s", 128503.0, 55191, 4.714526002999946], ["BigBuckBunny_4s27.m4s", 128503.0, 69015, 8.937276709000116], ["BigBuckBunny_4s28.m4s", 128503.0, 63443, 5.94611873000008], ["BigBuckBunny_4s29.m4s", 128503.0, 70338, 0.7221077429999241], ["BigBuckBunny_4s30.m4s", 128503.0, 68423, 0.6783194930001173], ["BigBuckBunny_4s31.m4s", 128503.0, 66572, 0.742258756999945], ["BigBuckBunny_4s32.m4s", 378355.0, 169064, 1.6227586840000185], ["BigBuckBunny_4s33.m4s", 128503.0, 68743, 0.6536377910001647], ["BigBuckBunny_4s34.m4s", 378355.0, 219843, 1.895771472999968], ["BigBuckBunny_4s35.m4s", 577751.0, 334539, 2.9249999860001026], ["BigBuckBunny_4s36.m4s", 1473801.0, 911816, 7.6998371849999785], ["BigBuckBunny_4s37.m4s", 577751.0, 281287, 2.39552697299996], ["BigBuckBunny_4s38.m4s", 1473801.0, 697596, 12.32399690599982], ["BigBuckBunny_4s39.m4s", 577751.0, 310231, 22.06723395200015], ["BigBuckBunny_4s40.m4s", 128503.0, 55586, 0.6694291950000206], ["BigBuckBunny_4s41.m4s", 378355.0, 186891, 1.841154571000061], ["BigBuckBunny_4s42.m4s", 128503.0, 57651, 0.5413730660000056], ["BigBuckBunny_4s43.m4s", 378355.0, 154343, 1.3628272779999406], ["BigBuckBunny_4s44.m4s", 128503.0, 57923, 0.6075093389999893], ["BigBuckBunny_4s45.m4s", 378355.0, 207838, 1.83176290099982], ["BigBuckBunny_4s46.m4s", 577751.0, 327947, 32.325646388999985], ["BigBuckBunny_4s47.m4s", 128503.0, 73466, 4.230382752999958], ["BigBuckBunny_4s48.m4s", 378355.0, 113615, 3.8713345839998965], ["BigBuckBunny_4s49.m4s", 128503.0, 73943, 0.7171886710000308], ["BigBuckBunny_4s50.m4s", 128503.0, 57912, 0.5829947909999191], ["BigBuckBunny_4s51.m4s", 128503.0, 64717, 0.6159928259999106], ["BigBuckBunny_4s52.m4s", 378355.0, 163600, 1.428187145000038], ["BigBuckBunny_4s53.m4s", 577751.0, 323385, 36.39278719399999], ["BigBuckBunny_4s54.m4s", 128503.0, 72303, 13.99721119500009], ["BigBuckBunny_4s55.m4s", 128503.0, 71152, 8.199929837999889], ["BigBuckBunny_4s56.m4s", 128503.0, 45982, 5.952020731000175], ["BigBuckBunny_4s57.m4s", 128503.0, 54713, 9.952345530999992], ["BigBuckBunny_4s58.m4s", 128503.0, 62091, 7.19737487999987], ["BigBuckBunny_4s59.m4s", 128503.0, 66137, 0.5997793129999991], ["BigBuckBunny_4s60.m4s", 128503.0, 70360, 0.6940955149998445], ["BigBuckBunny_4s61.m4s", 128503.0, 66654, 0.6913535999999567], ["BigBuckBunny_4s62.m4s", 128503.0, 68541, 0.6485711119998996], ["BigBuckBunny_4s63.m4s", 378355.0, 196331, 1.7170736100001704], ["BigBuckBunny_4s64.m4s", 577751.0, 312588, 2.6961790700001984], ["BigBuckBunny_4s65.m4s", 1473801.0, 698429, 9.316081832000009], ["BigBuckBunny_4s66.m4s", 577751.0, 267304, 2.31335399999989], ["BigBuckBunny_4s67.m4s", 1473801.0, 691262, 6.070611898999914], ["BigBuckBunny_4s68.m4s", 577751.0, 316975, 8.508871779999936], ["BigBuckBunny_4s69.m4s", 378355.0, 233187, 10.690093510999986], ["BigBuckBunny_4s70.m4s", 577751.0, 309353, 2.6316641509999954], ["BigBuckBunny_4s71.m4s", 378355.0, 192791, 12.50962917400011], ["BigBuckBunny_4s72.m4s", 128503.0, 54809, 0.520553173000053], ["BigBuckBunny_4s73.m4s", 378355.0, 100705, 0.9267447159998028], ["BigBuckBunny_4s74.m4s", 128503.0, 67134, 6.183427377999806], ["BigBuckBunny_4s75.m4s", 378355.0, 165562, 23.743073845000026], ["BigBuckBunny_4s76.m4s", 128503.0, 48957, 0.4608156740000595], ["BigBuckBunny_4s77.m4s", 128503.0, 64411, 0.5952899369999614], ["BigBuckBunny_4s78.m4s", 128503.0, 61711, 0.6012716160000764], ["BigBuckBunny_4s79.m4s", 128503.0, 71695, 0.9187710969999898], ["BigBuckBunny_4s80.m4s", 128503.0, 69620, 0.8829159300000811], ["BigBuckBunny_4s81.m4s", 378355.0, 206224, 4.192955944000005], ["BigBuckBunny_4s82.m4s", 577751.0, 329172, 16.01910447399996], ["BigBuckBunny_4s83.m4s", 128503.0, 69736, 0.7011042409999391], ["BigBuckBunny_4s84.m4s", 378355.0, 215110, 1.9711341489999086], ["BigBuckBunny_4s85.m4s", 128503.0, 53558, 0.542366943999923], ["BigBuckBunny_4s86.m4s", 378355.0, 186293, 1.8659668669999974], ["BigBuckBunny_4s87.m4s", 128503.0, 74506, 1.375293235999834], ["BigBuckBunny_4s88.m4s", 378355.0, 246064, 2.9842964090000805], ["BigBuckBunny_4s89.m4s", 577751.0, 334080, 7.789730787000053], ["BigBuckBunny_4s90.m4s", 378355.0, 235782, 14.69574552600011], ["BigBuckBunny_4s91.m4s", 128503.0, 62912, 7.385018771000205], ["BigBuckBunny_4s92.m4s", 378355.0, 245783, 2.1451383989999613], ["BigBuckBunny_4s93.m4s", 128503.0, 65592, 0.5941765590000614], ["BigBuckBunny_4s94.m4s", 378355.0, 150263, 1.358852848999959], ["BigBuckBunny_4s95.m4s", 128503.0, 60383, 0.569736624999905], ["BigBuckBunny_4s96.m4s", 